youtube_id,time_start,time_end,label
-1QHAHq6DnE,138,148,cooking egg
-5wZIPAiHzo,96,106,cooking egg
-b9DAD0puU4,162,172,cooking egg
-IVX-ERJDqE,235,245,cooking egg
-JRT9aCAVsA,32,42,cooking egg
-NM9jWuf4hM,111,121,cooking egg
-ZfEt3R5GeA,40,50,cooking egg
06oYtk5kQnM,35,45,cooking egg
0876oOigu4I,2,12,cooking egg
0EIRf8Y6nfI,102,112,cooking egg
0jDhXM7j9F8,229,239,cooking egg
0w7YOvqgO2I,113,123,cooking egg
0xciMnHCZL0,44,54,cooking egg
0_WZHFQOD64,144,154,cooking egg
10WySJtAyms,435,445,cooking egg
11J84KX8K3w,88,98,cooking egg
12_f_NEzN9o,0,10,cooking egg
1376ITxF1Oc,233,243,cooking egg
1CAA1ciBgKY,9,19,cooking egg
1lwykC3RZb4,41,51,cooking egg
1oVouwUDJDQ,71,81,cooking egg
1p9jOT2Zgkg,106,116,cooking egg
1ruzPN0fSKw,340,350,cooking egg
1tg7VPXV8eI,312,322,cooking egg
21jxy4pXfYA,3,13,cooking egg
23U9MipPsFU,188,198,cooking egg
2BG2HElGz00,117,127,cooking egg
2GjVwLP1VXE,396,406,cooking egg
2Loh388cF5M,7,17,cooking egg
2NJ-D6EqcOI,0,10,cooking egg
2RhWAD09BK4,25,35,cooking egg
2T-O7apS96c,169,179,cooking egg
2_mqSmwUUik,58,68,cooking egg
3bpw8Kb0gXo,24,34,cooking egg
3gb6zzVCx7E,9,19,cooking egg
3gbgSCV9hbM,872,882,cooking egg
3hZA_JBYTuQ,99,109,cooking egg
42dbuhteL4o,70,80,cooking egg
4hYIqGwrqKs,18,28,cooking egg
4LkwZEKIwwo,100,110,cooking egg
4R7DoPGcFNo,112,122,cooking egg
4VGhTiA46ik,195,205,cooking egg
4vr6MOsEir8,27,37,cooking egg
4YE3WPXH9HA,468,478,cooking egg
51sP0r4xwiM,13,23,cooking egg
56iGWaEnQus,170,180,cooking egg
59HPzpjlwtc,91,101,cooking egg
5bh1_n5zkrQ,142,152,cooking egg
5bkVp24x1WU,6,16,cooking egg
5hOPBxkYQl8,94,104,cooking egg
5kJE6Ih3aW8,189,199,cooking egg
5l958NH9A1c,2,12,cooking egg
5sU-8bi8n3g,0,10,cooking egg
5vcvKFQp2kI,269,279,cooking egg
5xxhaQAOpbE,100,110,cooking egg
5_hdfOtEMU4,34,44,cooking egg
6awDtwRpr6Y,25,35,cooking egg
6YPRRB-uQ6Q,240,250,cooking egg
74QrDMGtzYw,20,30,cooking egg
7FUwnFHUzQ0,190,200,cooking egg
7ghuy9qjdJY,299,309,cooking egg
7mfhFSlLhbE,217,227,cooking egg
7nATl1wFAbA,184,194,cooking egg
7uT9_9bpRco,15,25,cooking egg
8-Kps3hNimQ,150,160,cooking egg
85W4kJEj8as,166,176,cooking egg
8e2aBVRHZdI,114,124,cooking egg
8m14EDVhnNc,63,73,cooking egg
8rf5Bq6NrE4,0,10,cooking egg
8vOfw9FXtn0,0,10,cooking egg
91ctEhGwfhc,63,73,cooking egg
93px3JAYhpk,63,73,cooking egg
98S_e01BbuE,11,21,cooking egg
9fSVa5w85d0,32,42,cooking egg
9lGDPvPJfv4,0,10,cooking egg
9OcGr0Qwnvk,53,63,cooking egg
9QFSgTtDCYc,90,100,cooking egg
9w2qbTJDSnI,162,172,cooking egg
9x7-GYIxMjI,180,190,cooking egg
A75NH9qrZr4,47,57,cooking egg
a9fVMm3bHYs,4,14,cooking egg
aazP6zvJmiQ,41,51,cooking egg
aejDWhHx4qs,121,131,cooking egg
AEmmD1tgdWs,204,214,cooking egg
AfNh8Z2cw_8,100,110,cooking egg
AgDTKoDJ9ic,5,15,cooking egg
aifqco3Ef18,6,16,cooking egg
amElBZdqMZo,16,26,cooking egg
AotI-kuW6as,28,38,cooking egg
ASu3Xw6JM1w,181,191,cooking egg
AtoP-cAc4a0,117,127,cooking egg
AwEMefg3qsw,96,106,cooking egg
AZC55DQwrRA,37,47,cooking egg
B74lcdr1EZQ,41,51,cooking egg
B7xIVtUnUvw,5,15,cooking egg
bb0sHn7SyeE,96,106,cooking egg
bB7is27JCzM,47,57,cooking egg
bdG-ruxa9eM,43,53,cooking egg
bgAdLWEm01g,60,70,cooking egg
bnWUFH7L0Mo,166,176,cooking egg
bozU7731A1k,489,499,cooking egg
btYmH9qrXo8,107,117,cooking egg
bzkz4mDp-NU,103,113,cooking egg
B_GArqtmEOA,12,22,cooking egg
cCpDwxU7xi0,94,104,cooking egg
cCRop_vfl2E,40,50,cooking egg
CdE99DgtrzQ,76,86,cooking egg
CeyOVxjhGkM,156,166,cooking egg
cMEtbAWlaks,181,191,cooking egg
cMXJho9kB5s,604,614,cooking egg
cniz4b7zF4E,167,177,cooking egg
csQSjmHhsXA,18,28,cooking egg
CSY96HR9VI8,58,68,cooking egg
cWEugrJ0i-A,13,23,cooking egg
CXycnnBnAr8,53,63,cooking egg
cyd4QLTlGH4,38,48,cooking egg
d3E1mPOLxn8,63,73,cooking egg
d9QsIP7THco,50,60,cooking egg
DCeYBfVT3NE,64,74,cooking egg
DC_9Dk5Jfts,61,71,cooking egg
DESTPru0h4k,15,25,cooking egg
dEwBOJizO2c,56,66,cooking egg
DFX28NEFY38,157,167,cooking egg
dgIJH3oN-O4,4,14,cooking egg
DitlzvyXEI8,36,46,cooking egg
DKkNi7enlUk,89,99,cooking egg
DmGS3V_gJyY,220,230,cooking egg
DmpgQXppSFw,33,43,cooking egg
dMXE-nn1OoY,45,55,cooking egg
dOjmaSELHW8,55,65,cooking egg
drgeT7GCzRY,432,442,cooking egg
DRy_h4NZHDI,609,619,cooking egg
dRZj1uMP7ao,186,196,cooking egg
DsYVl-jmRXk,336,346,cooking egg
DY5e-p9wQmc,98,108,cooking egg
dyZdnPkOzlU,25,35,cooking egg
d_vQWquKtBg,15,25,cooking egg
E05kxs4Bwg4,74,84,cooking egg
e9hvyM1nOn4,0,10,cooking egg
ecr5TOGcGR8,546,556,cooking egg
EItKCfEe7Jg,22,32,cooking egg
eJfnOEeJpM0,44,54,cooking egg
eMB47uUhr2E,63,73,cooking egg
ENKtS5yCT2o,53,63,cooking egg
eNr3rKQLz00,395,405,cooking egg
ePjsr4G9GQI,95,105,cooking egg
epr6hPBhqck,13,23,cooking egg
EVdP18P7liI,51,61,cooking egg
eWZDx2D9rU8,47,57,cooking egg
EWzITDtgy0o,216,226,cooking egg
EYNAGOp5iK0,34,44,cooking egg
e_H9rNFLlm8,175,185,cooking egg
f-MgL9lrLY4,93,103,cooking egg
F4si6zajw4A,17,27,cooking egg
f7ua2IHH6tE,484,494,cooking egg
FACwSzgYXBM,59,69,cooking egg
Fb96lHZgIqo,69,79,cooking egg
FeovW2BlEZE,86,96,cooking egg
fFsbNeZNerI,55,65,cooking egg
fh_eu0vFeZg,89,99,cooking egg
FjEravQDCbE,366,376,cooking egg
fjy2baFnNdY,2,12,cooking egg
FKAmY96tRUI,97,107,cooking egg
Fln2sbJMHFk,1293,1303,cooking egg
fLQAT_PcJ4k,49,59,cooking egg
FMEUAZecWO4,145,155,cooking egg
FMrwQ2Rsqqw,114,124,cooking egg
FnK-5KuCYP0,32,42,cooking egg
FpR8-BNA4a0,27,37,cooking egg
fs2drTBbaNA,82,92,cooking egg
g03EyVDVTlo,132,142,cooking egg
g1qK78kdWgA,33,43,cooking egg
G2xGZ9lliu8,6,16,cooking egg
G4MdWIAD-wU,68,78,cooking egg
G8bJ0mM1-j0,390,400,cooking egg
GawZIQKejyA,104,114,cooking egg
gBqh4Rtp_FA,58,68,cooking egg
GcfYJ7WvRVA,294,304,cooking egg
GcjEY57KOzE,242,252,cooking egg
GD1U2F1bwoo,19,29,cooking egg
Gf5htdt_Djg,107,117,cooking egg
gG3eBXvXiNw,10,20,cooking egg
gkafyJlP_bg,190,200,cooking egg
GoIebNv-bug,197,207,cooking egg
GsHJ8LCmHic,500,510,cooking egg
gtEWfT3tVeY,120,130,cooking egg
gTnioO3TlLo,182,192,cooking egg
guEr-_drQIw,244,254,cooking egg
gwFcgUJe9Sw,0,10,cooking egg
GXL5MuhB_KA,277,287,cooking egg
GYpuhN1LNBg,250,260,cooking egg
gYRIfbexiXE,13,23,cooking egg
H89ENzVtnlg,95,105,cooking egg
H9cJx_1yZ9w,11,21,cooking egg
HBoFpzrQokI,332,342,cooking egg
hCiGvnxRSmw,117,127,cooking egg
hFeT4BKzmbg,4,14,cooking egg
HHWrBqXGwtQ,550,560,cooking egg
HJqSjhNOMjY,143,153,cooking egg
HkhtkuhVtpo,381,391,cooking egg
hM8CfzDDyIg,158,168,cooking egg
HNHRKCBknuI,184,194,cooking egg
hRWxY4jx-P4,167,177,cooking egg
hsPB2QjeYvY,76,86,cooking egg
hVNPVVMc2P0,23,33,cooking egg
hVzfE0IylaE,79,89,cooking egg
I-RHvXLzNsk,55,65,cooking egg
IDYD6izT7Aw,20,30,cooking egg
ifWqG1F26iU,46,56,cooking egg
iIxKB-zb9EU,99,109,cooking egg
iJx7cviDseQ,51,61,cooking egg
iRcHQnM5jE8,156,166,cooking egg
ixy8K7FaQ2g,2,12,cooking egg
IYGdkHcjdUE,461,471,cooking egg
iyXBBXiVJSc,219,229,cooking egg
iz3nt2iMb7s,33,43,cooking egg
j5bKRQiSKmM,72,82,cooking egg
J5mpz8LDSYs,23,33,cooking egg
j92YA6J_y3I,14,24,cooking egg
jaHBXi6ns7A,64,74,cooking egg
jBNA7g15TW0,9,19,cooking egg
JbQeftEaqEo,317,327,cooking egg
JBxBe-PwUYM,464,474,cooking egg
Jd4OO8BCbhs,123,133,cooking egg
JE4Nb0p26ck,1,11,cooking egg
jG1FeO-9ZLA,293,303,cooking egg
jgJFzpDEaRg,80,90,cooking egg
jiEmvVp4jDs,83,93,cooking egg
Jjs-gwtdi1E,118,128,cooking egg
JLAOlBXIOiE,230,240,cooking egg
jotljYmRF-E,125,135,cooking egg
Jo_jPzT1CxA,50,60,cooking egg
JqQ9hRGoc3w,71,81,cooking egg
jRdA68GbUMg,104,114,cooking egg
jrdVpzOqH8E,112,122,cooking egg
JrRqG9Apt6g,103,113,cooking egg
JtzmB9_Jbws,120,130,cooking egg
Jvx3wT69CVI,460,470,cooking egg
K2bxls9LvwE,0,10,cooking egg
K3hGxEpuY2U,174,184,cooking egg
Kawj7Wp6ezU,62,72,cooking egg
KBRFpA4bQp4,19,29,cooking egg
Kb_4ulzI3og,31,41,cooking egg
KdnYOvppzB4,354,364,cooking egg
KftotGrIEEI,146,156,cooking egg
kjUe2gV15vg,180,190,cooking egg
Klbhe7sA9L0,66,76,cooking egg
kPtR2SeHzHY,281,291,cooking egg
kqE1_iPuUiU,366,376,cooking egg
Kr39nOsBUaw,42,52,cooking egg
kRS4c2uMTco,35,45,cooking egg
KupxQmR-yBE,38,48,cooking egg
L-gxM6KZIL0,129,139,cooking egg
L4PImy_rpWM,4,14,cooking egg
l7AaB-ZJvCM,57,67,cooking egg
l7t413Q1nEw,284,294,cooking egg
lF8RNya_2yo,108,118,cooking egg
LJ6DExWpeHM,58,68,cooking egg
LjV6gEb0FRY,249,259,cooking egg
LkbPBJCRYek,109,119,cooking egg
LLg0G6NwQg4,69,79,cooking egg
lLhJqhWoQHI,27,37,cooking egg
LLk1YeDxl5Q,60,70,cooking egg
LNtsnK8J0_4,286,296,cooking egg
LOKI9NK2k1Q,188,198,cooking egg
lT5LZf8kzEw,2,12,cooking egg
lVfYNqAmji0,33,43,cooking egg
LWX4Hk4_O7A,2,12,cooking egg
Lwz-jUQRmzo,87,97,cooking egg
mBzs10h5naI,200,210,cooking egg
MDVIzude51Y,38,48,cooking egg
metHWtJhUiI,43,53,cooking egg
meuUPPxqsl0,338,348,cooking egg
MfdDRKe73OE,82,92,cooking egg
MFokok6Oiuo,1,11,cooking egg
mnrybjI5IlA,42,52,cooking egg
mpDdxjvr8VE,75,85,cooking egg
MqHtdiRUqJE,40,50,cooking egg
mR4CxUQkBQE,17,27,cooking egg
Mwn8Czq_agk,576,586,cooking egg
n2a5kOlXgKY,13,23,cooking egg
n4ZzH3bh7xM,360,370,cooking egg
N71mjg7L_lU,238,248,cooking egg
N8txynkzJxM,59,69,cooking egg
NCpkj7WI87M,78,88,cooking egg
ndUYAPlNI4Y,1,11,cooking egg
neFhZpVK3zU,147,157,cooking egg
nExtuwVcNVk,150,160,cooking egg
NeZ-jYM9f0A,139,149,cooking egg
Nf2Wya3aEDo,173,183,cooking egg
NhGg6I_vDAM,79,89,cooking egg
NhK-IAjXCfk,320,330,cooking egg
npDO6IUrO_0,25,35,cooking egg
NVdIYppYCyo,76,86,cooking egg
nwvtd065KdE,75,85,cooking egg
N_m5Mwb6U5w,31,41,cooking egg
O4-DhBWibL4,36,46,cooking egg
O7G3K3WD568,254,264,cooking egg
o7J3FpFJ6WA,43,53,cooking egg
O9VMha_BCpA,25,35,cooking egg
OBRt1Lrt-3Q,30,40,cooking egg
oh312_uiFhA,11,21,cooking egg
oJ7vn22GZoE,106,116,cooking egg
OKqCfO1mxA8,6,16,cooking egg
OVBv5sNL2Jc,487,497,cooking egg
ozwowS_WADM,1,11,cooking egg
o_tE4DwjwYQ,27,37,cooking egg
P0l85qjVI1s,70,80,cooking egg
p1mGDiEbni4,203,213,cooking egg
P4IjNV3lZkQ,228,238,cooking egg
P57M2k4c8xI,107,117,cooking egg
p6tm1bLbGNs,153,163,cooking egg
p92BN87wtr0,123,133,cooking egg
P9tfFgaRrF8,156,166,cooking egg
Pgf40gHcUhY,162,172,cooking egg
PGPzZWo24Nc,507,517,cooking egg
pGsTVggy2tQ,116,126,cooking egg
PqWEzmyibY0,112,122,cooking egg
pSdN565KJIY,298,308,cooking egg
psHEX0XtdlA,47,57,cooking egg
Puj3Ya9JGZE,55,65,cooking egg
pX6bxjLhqNw,260,270,cooking egg
q6Aj8Axb2dY,124,134,cooking egg
q6YeMbnnZgA,65,75,cooking egg
QaZWT3ntDUM,44,54,cooking egg
QB7-J7wCtX4,58,68,cooking egg
QJ3MQwEYsmk,193,203,cooking egg
Qk8m7odd8Uc,10,20,cooking egg
Qm-kUlPKNKc,4,14,cooking egg
qpwd5jYIGMI,121,131,cooking egg
qSoPSY3O_jo,41,51,cooking egg
QTl2Z14pyv8,3,13,cooking egg
Queg4FyMwHM,186,196,cooking egg
qYW0VQeLgvk,176,186,cooking egg
QZr-hDRNLgk,0,10,cooking egg
r09Hgeb9-6s,694,704,cooking egg
r1OeEDN6yCQ,19,29,cooking egg
R1xXGSlenLY,58,68,cooking egg
r1ZvuOz3EFM,26,36,cooking egg
R9cMS-aAzHs,117,127,cooking egg
RAaplTVHqJE,157,167,cooking egg
raB_GQs4TX4,90,100,cooking egg
RcRlJ-eEN80,35,45,cooking egg
REQKryny2aI,54,64,cooking egg
RHqL5ZWxQyY,155,165,cooking egg
RJWJXGSuIPk,13,23,cooking egg
RP82xhyFhFI,537,547,cooking egg
rsHix4nWqns,116,126,cooking egg
rTxIlhLRfzw,67,77,cooking egg
ru0WysOXajI,136,146,cooking egg
rVj_AtRF6PM,43,53,cooking egg
RWV6vGdc3iI,62,72,cooking egg
Rx0sSGGg95g,59,69,cooking egg
R_FFth-CPsw,83,93,cooking egg
r_owxwCr89A,18,28,cooking egg
sAi8Q_G4aQU,96,106,cooking egg
sDyQoEHUOq4,262,272,cooking egg
sE5KHrkJ160,298,308,cooking egg
sFsKE7-8S8o,158,168,cooking egg
SGp5q9PSnl0,308,318,cooking egg
SLo93NDeF-Q,106,116,cooking egg
SMrnOSGe_b8,189,199,cooking egg
SosHRl7wkWM,11,21,cooking egg
sq-bxLp5_aI,347,357,cooking egg
srOM9l7kbq4,182,192,cooking egg
SUbvW_kHTBw,8,18,cooking egg
SUHu1R4752k,329,339,cooking egg
SUVk-giRxYs,46,56,cooking egg
syhW_WU7btU,107,117,cooking egg
syX02ZwgeP4,48,58,cooking egg
t2KMtxCb5LU,41,51,cooking egg
T3AI1eQ50iE,42,52,cooking egg
T6I2aZPohb0,172,182,cooking egg
T9fMs9q3PXE,28,38,cooking egg
TIDA4fzwaqA,5,15,cooking egg
tj4yGyNp5VI,23,33,cooking egg
TLP_9gcntzs,0,10,cooking egg
TOPRctiQChM,62,72,cooking egg
tsapoU_iiGw,2,12,cooking egg
tTjwDCq5928,95,105,cooking egg
tVBL6hq2m5c,4,14,cooking egg
Tw7Pf3UpQOw,194,204,cooking egg
TzymA_0u4wE,30,40,cooking egg
u-hXIbd3WF8,212,222,cooking egg
UbMEPS2CTbs,279,289,cooking egg
UDkV1kZHXeA,283,293,cooking egg
UE6iArkUkS8,210,220,cooking egg
UftFwdj7Ahw,324,334,cooking egg
UfWUgUpbQpo,49,59,cooking egg
Uh6zVcpj_E8,0,10,cooking egg
uipuqsuwoYQ,229,239,cooking egg
URvQeiNX4rA,126,136,cooking egg
UtFUkyCM0sE,16,26,cooking egg
uZrl7b0Y69Q,314,324,cooking egg
uZ_dexSeZAY,117,127,cooking egg
V321a0gC-y4,107,117,cooking egg
vATH7MFQP0Q,4,14,cooking egg
VB1GPq6-lKU,161,171,cooking egg
vdi-JPAjNm0,18,28,cooking egg
vi2equ4xFH4,72,82,cooking egg
viLPn6bcxD4,1,11,cooking egg
vlMsaMGMdJs,281,291,cooking egg
VmLs4G6Mhhw,518,528,cooking egg
VNkX7LbOoT0,302,312,cooking egg
vOZgDWNqPQc,53,63,cooking egg
Vph53if0tGU,251,261,cooking egg
vQMwAG8eI3k,139,149,cooking egg
VvJB223pZ6E,46,56,cooking egg
w-XMb1LSAYo,15,25,cooking egg
w2-Pk07h91I,34,44,cooking egg
W7-5mTic57I,1,11,cooking egg
WCKbEoMfUdo,200,210,cooking egg
WENHt_irJ84,132,142,cooking egg
wFOiyqURsZ4,292,302,cooking egg
WKHLsATeoh0,10,20,cooking egg
wMafvK49t44,133,143,cooking egg
WSg2ntg3YuM,35,45,cooking egg
wsIHyRyETKg,12,22,cooking egg
wUlOB7r6lWk,25,35,cooking egg
wUZk-uEef20,329,339,cooking egg
wyO-BoHlTvU,100,110,cooking egg
X27UADWty9o,63,73,cooking egg
X2kMsPMMyVA,48,58,cooking egg
x35D9TUpURA,217,227,cooking egg
X3CfNri9n8o,129,139,cooking egg
X6bu6C3sp5Q,75,85,cooking egg
xKPKCJnTsWc,171,181,cooking egg
xmL8b5bu_yQ,149,159,cooking egg
XqbuP60yuPo,75,85,cooking egg
xulovKBKMa0,68,78,cooking egg
XUNoVbqJMHE,113,123,cooking egg
xWSiBOeqon8,64,74,cooking egg
xWye4ctQXok,147,157,cooking egg
Y0PLFJf4r5g,13,23,cooking egg
y4G7kli_Pt8,92,102,cooking egg
YASt2nFiMNU,51,61,cooking egg
YjLagr1T880,36,46,cooking egg
yKPqXivY1os,55,65,cooking egg
ylxsckKglHM,22,32,cooking egg
YNFkGtrCpaA,33,43,cooking egg
yppgDL0Mn3g,259,269,cooking egg
yRVUR7yv9vo,255,265,cooking egg
yS4ccYx8UAU,48,58,cooking egg
Ywb5Y6fLgzI,53,63,cooking egg
yXnmUWf2u48,54,64,cooking egg
yXTxOoLUPEw,147,157,cooking egg
yY1bqfXj9lI,289,299,cooking egg
yYhry2i8t0k,21,31,cooking egg
YZKIXMeQjwg,18,28,cooking egg
Z01yyTxJUm0,20,30,cooking egg
z3dBGOxFpy0,417,427,cooking egg
ZBwUdPXVdaQ,69,79,cooking egg
ZcD5YUS0kSY,13,23,cooking egg
ZdLs4_OL-BA,98,108,cooking egg
ZdzhEwbuc1A,62,72,cooking egg
zd_sMszFdmQ,113,123,cooking egg
Zg2z9KCZaxE,13,23,cooking egg
Zj7cC6j7pNw,34,44,cooking egg
zQVjtQ1R6gc,13,23,cooking egg
ZS5C93Ljai4,51,61,cooking egg
zUCyETdzeaw,15,25,cooking egg
ZufxC1xUEbA,33,43,cooking egg
zw47RfVv7B8,61,71,cooking egg
zXHd1thp8mQ,69,79,cooking egg
zYYoQV9UnNw,1594,1604,cooking egg
ZzTv3vQNric,636,646,cooking egg
_cOAB4Neu5Q,237,247,cooking egg
_qsTt3oZ3rE,288,298,cooking egg
_yDLYnOd2q8,264,274,cooking egg
-7Jqn00FWHA,112,122,feeding fish
-BT1xG7BvjM,29,39,feeding fish
-jJvz1Ul23o,6,16,feeding fish
-uw6ynoFYog,26,36,feeding fish
-vWHTPm5Jc0,35,45,feeding fish
-vWpXbRi1XY,0,10,feeding fish
-xmuCTp-VGI,58,68,feeding fish
-YLF8MoFQ6U,17,27,feeding fish
00e8gcInKvs,198,208,feeding fish
00jZej9_xh8,53,63,feeding fish
07JFxr9qwVc,12,22,feeding fish
08gPg6wvJU4,1,11,feeding fish
09EdRj1Qli4,95,105,feeding fish
0bpbDvTs4is,20,30,feeding fish
0c-YOkQRe9I,2,12,feeding fish
0dnNTFCU0H4,1,11,feeding fish
0edh3q2VYZQ,23,33,feeding fish
0fF_tX7Nl9s,5,15,feeding fish
0GKDxzjXSdg,15,25,feeding fish
0H5e9yXIlv4,1,11,feeding fish
0mR_JpazrtA,19,29,feeding fish
0N8eKEPgrPk,1,11,feeding fish
0QILb4g09ZI,22,32,feeding fish
0rMk6fXr7Xk,34,44,feeding fish
0vlrwlay0c4,18,28,feeding fish
0wzBFCegdZI,32,42,feeding fish
0zINhjQnpYE,15,25,feeding fish
0Zrlc49uroo,29,39,feeding fish
14GQGPU0k9Q,11,21,feeding fish
17EMC6XiBM0,39,49,feeding fish
17VOafB2HfQ,6,16,feeding fish
199wW-kGQTY,1,11,feeding fish
1bTPTiiu_n4,51,61,feeding fish
1dtxniJ8kV8,6,16,feeding fish
1FSFiz6c8oc,11,21,feeding fish
1hEIUrfIHjQ,41,51,feeding fish
1IFV2kE323E,11,21,feeding fish
1mtVmMTgRQE,9,19,feeding fish
1OiHd2F15JM,16,26,feeding fish
1OQDvNtXwM8,7,17,feeding fish
1Rk27WDqzMA,61,71,feeding fish
1sIJrloxOzE,35,45,feeding fish
1ZoiEN_OpqA,293,303,feeding fish
2-44tHyZFU0,11,21,feeding fish
217BXNlUThY,5,15,feeding fish
23qRqe8SK8I,9,19,feeding fish
2a85gg0W_s4,0,10,feeding fish
2cE6NghNzvw,1,11,feeding fish
2cEOq3Um5rY,4,14,feeding fish
2Fu5ecMpev8,0,10,feeding fish
2OZphKP6fw0,27,37,feeding fish
2TdHf03Jih0,96,106,feeding fish
2VNCQ21IOK8,2,12,feeding fish
2VuJWchVUG0,110,120,feeding fish
2XoMTZ4bIGs,97,107,feeding fish
2_0uGU2l1OM,2,12,feeding fish
31BHYYn5VzQ,15,25,feeding fish
31ey03b0UKY,0,10,feeding fish
36J2xT7JjbY,40,50,feeding fish
3a_B8TWU5TI,3,13,feeding fish
3FL4nW3KL7w,25,35,feeding fish
3Gvur4N1I3c,103,113,feeding fish
3i496fB_un8,13,23,feeding fish
3mPj0kFviMo,2,12,feeding fish
3OlX1U_GJWo,0,10,feeding fish
3p_t8czBWFU,18,28,feeding fish
3RYHx8lnPWM,44,54,feeding fish
3vERvI8OUu0,1,11,feeding fish
3WQ-JISG13Q,15,25,feeding fish
44-QEQODl7k,11,21,feeding fish
4bqXPG1E4D4,25,35,feeding fish
4Dh5qQy2bsk,40,50,feeding fish
4f8kbYhS2UU,6,16,feeding fish
4kIsSG0ps5E,10,20,feeding fish
4OT_x82Kh1Y,102,112,feeding fish
4T1ZDEYrnj8,17,27,feeding fish
4tjANe0CE80,164,174,feeding fish
4Vb-TCAZ1IU,23,33,feeding fish
4vhcAkKSwhA,31,41,feeding fish
4XjzB0S7dlY,3,13,feeding fish
52J25KFQ644,51,61,feeding fish
5blzifxbN9I,12,22,feeding fish
5dc1UZI4h5w,1,11,feeding fish
5Dy6AE_JpVU,44,54,feeding fish
5EWH-IkY07w,46,56,feeding fish
5K4uHnVmoGA,155,165,feeding fish
5MQhwhAkjns,17,27,feeding fish
5r7d7IPBPNk,1,11,feeding fish
5tCXG77TPaU,17,27,feeding fish
5w5dUi5P1Ig,3,13,feeding fish
6-bmH4gZJ8Y,106,116,feeding fish
63BSzfCqOvg,19,29,feeding fish
63qfV___N80,4,14,feeding fish
63ZVs9W_8qw,11,21,feeding fish
6cw4xnnX1AA,24,34,feeding fish
6DBPB5OVEmU,40,50,feeding fish
6EXrRAcaMOA,25,35,feeding fish
6HnayuceLwg,12,22,feeding fish
6i6bsR0FEKE,322,332,feeding fish
6jGtvIFHdxI,17,27,feeding fish
6o7d-EvfEF8,5,15,feeding fish
6PkAFlnuT7E,32,42,feeding fish
6ptSXLwUaDk,13,23,feeding fish
6rbSICq31G4,0,10,feeding fish
78HQK3KRHn4,346,356,feeding fish
7QWcOonifYU,0,10,feeding fish
7uxLE7rwHBc,26,36,feeding fish
7xD_70Ij2lU,2,12,feeding fish
7ZH2_Cga-D8,60,70,feeding fish
872R-q59tOw,29,39,feeding fish
89jGIurkuJY,23,33,feeding fish
8CF6VS4ijQ4,5,15,feeding fish
8hJTThH2XY0,39,49,feeding fish
8hLNYin7urY,1,11,feeding fish
8ietXJzRi2Y,10,20,feeding fish
8oM1iiimimc,138,148,feeding fish
8paqIzrIBv8,28,38,feeding fish
8vOR4FPCwo4,14,24,feeding fish
93OSdU7Ry0g,21,31,feeding fish
99LLxDc_UsI,7,17,feeding fish
9BXb3e0FREQ,30,40,feeding fish
9dGJI25BduM,3,13,feeding fish
9DgODdresvY,54,64,feeding fish
9es2LdtwkMA,4,14,feeding fish
9h4HWMGKk_I,4,14,feeding fish
9iVTYs1yDqc,69,79,feeding fish
9KaF8Gs_XQM,53,63,feeding fish
9KDcLwclDi8,49,59,feeding fish
9n7WsmWcZQc,16,26,feeding fish
9uyyiuGfWZw,1,11,feeding fish
9WFRIFIcvEU,11,21,feeding fish
9YDRD92V6Rc,30,40,feeding fish
9YxJX4EIs4E,11,21,feeding fish
A-Rt0njkFOQ,0,10,feeding fish
A4G8F01BlQE,0,10,feeding fish
a4vT2jC_Ugw,43,53,feeding fish
A80U1rMaeWE,1,11,feeding fish
a9CrT1Q-kC8,1,11,feeding fish
A9oOKMud2gs,12,22,feeding fish
AbIeYMXASlM,5,15,feeding fish
ACHQ0KP6YcY,6,16,feeding fish
adyNBbXKwds,3,13,feeding fish
AE3WyhO2Hqc,83,93,feeding fish
ae6vj75Q3MY,26,36,feeding fish
aE_v4U8TGf4,73,83,feeding fish
aJ0T7UikQGY,21,31,feeding fish
aj9hLCZyMf4,17,27,feeding fish
AKovxKz6vIQ,103,113,feeding fish
APq9zOKBzBk,0,10,feeding fish
aPrc7lTizts,14,24,feeding fish
Aq6VzShfWjE,6,16,feeding fish
AVRT1Vt5Xbs,116,126,feeding fish
aY_Mp_27SrY,16,26,feeding fish
b-mhFMS-QqA,0,10,feeding fish
b1wJ-WjH6O4,43,53,feeding fish
B2E9KVog1z0,48,58,feeding fish
b37Kv737Vjo,165,175,feeding fish
b4yOrf39PmU,2,12,feeding fish
b7VBeh4QxtA,70,80,feeding fish
B8YpX1zvg6k,67,77,feeding fish
B8zKJ5ygJ04,68,78,feeding fish
b9nODBoXTcI,0,10,feeding fish
BAB7rYeP2eY,3,13,feeding fish
bArbgDzYuxA,136,146,feeding fish
bb9b4WyFz5w,172,182,feeding fish
BCjENcIT-Ds,10,20,feeding fish
bCMw1ecsksQ,38,48,feeding fish
BDSJEw7NRdw,24,34,feeding fish
BeXAvsOd1ww,1,11,feeding fish
bf6biJbMkYU,14,24,feeding fish
bFnbpNGAPFQ,80,90,feeding fish
BFpqm_0TsVU,32,42,feeding fish
bj5L_sMl35s,135,145,feeding fish
bLKntx_RZew,74,84,feeding fish
bmY5Ip8hLiU,0,10,feeding fish
bNq7NJLm0p8,91,101,feeding fish
Bo6dqrq5EDk,41,51,feeding fish
bokR-9tkVd4,63,73,feeding fish
bQ3kcUARCIQ,153,163,feeding fish
bSBuwO1k328,0,10,feeding fish
Bu-Sscoge6A,10,20,feeding fish
Bvo2BUWk6Vc,11,21,feeding fish
bwgXpJPQJzc,22,32,feeding fish
bwVcYKBkMGw,19,29,feeding fish
By-VEneu5a4,286,296,feeding fish
BZN4-zSiqFM,60,70,feeding fish
b_rn04F0AjI,12,22,feeding fish
C2X_YbV7v68,86,96,feeding fish
c7lU5bb2oMI,13,23,feeding fish
c9Cz5ZwTvC0,14,24,feeding fish
Ce5052almPI,0,10,feeding fish
ch0Zu-6JQlE,29,39,feeding fish
CjtEjk0NjRk,0,10,feeding fish
CN562j0YEzo,0,10,feeding fish
CNDLSpmaiiw,1,11,feeding fish
cOYQtZ3zGwE,0,10,feeding fish
CqQk-k24VVU,37,47,feeding fish
Crmjm0NEJMU,14,24,feeding fish
csG4wrFUSe4,54,64,feeding fish
Cs_l7VPyemk,5,15,feeding fish
cT8skdfu8yM,69,79,feeding fish
cw9jFsrP4A4,24,34,feeding fish
CxOPJ716eBI,20,30,feeding fish
cYNUA4fJEqM,1,11,feeding fish
CZQh0HRkXeg,7,17,feeding fish
c_e_fGvv_b8,4,14,feeding fish
c_YQlqCgIZg,30,40,feeding fish
d0ZAc6t9tLU,112,122,feeding fish
d2htOjxL2hY,1,11,feeding fish
D4wkvt3kR_k,2,12,feeding fish
d6GaUH94cQo,19,29,feeding fish
D7CNZ2qOjUs,49,59,feeding fish
d8APNAsGF_U,275,285,feeding fish
daPpjUT7ZYA,24,34,feeding fish
DAv5XjFjKyw,55,65,feeding fish
DD5QyulRgF8,39,49,feeding fish
DeXqANkmnaM,4,14,feeding fish
dFJbE9-xRB4,15,25,feeding fish
diF1tNXL1UE,20,30,feeding fish
DJz5M2HlseM,35,45,feeding fish
dlDl35o7JIg,14,24,feeding fish
dlz8FRM2HD4,78,88,feeding fish
dmfTtLH5KMo,78,88,feeding fish
DmhacBbFmbQ,3,13,feeding fish
drhVErmdrSc,4,14,feeding fish
dRZc5cZrFq8,20,30,feeding fish
dSG3hvsULGk,135,145,feeding fish
DSkFUTLMKDM,14,24,feeding fish
dSmSA2Ny5N4,8,18,feeding fish
DT-BEJC1DZc,1,11,feeding fish
e-EejOnayO0,90,100,feeding fish
E4FWG7cXWno,3,13,feeding fish
E4JZIDmAaDQ,35,45,feeding fish
e7m-V-ZbCAs,4,14,feeding fish
E8kZlUTGavo,8,18,feeding fish
eATdCaaXQ7Q,18,28,feeding fish
eCpkvpYTPPU,0,10,feeding fish
EExEOJ1HT5E,57,67,feeding fish
eG8crjZMb0s,265,275,feeding fish
ehyoZbvI6Eo,86,96,feeding fish
eiuBI3amOOU,14,24,feeding fish
ekZiQjJ8bao,42,52,feeding fish
eMQet89-r_0,95,105,feeding fish
eqaBYN_qmBM,291,301,feeding fish
eS77NJzgD9o,99,109,feeding fish
EsRWeWoJarM,32,42,feeding fish
EUaTcGpTkKU,3,13,feeding fish
eZpkydkYZZQ,35,45,feeding fish
E_mbnXJh2Dk,59,69,feeding fish
F-kNJUGGZ80,36,46,feeding fish
F0y63hCN26U,3,13,feeding fish
F6QTCyO5-Gc,2,12,feeding fish
FbGff7naEgo,34,44,feeding fish
fCM2WAjEVF0,8,18,feeding fish
FCU7PqD6Fho,0,10,feeding fish
FD3ihgG80vU,151,161,feeding fish
FemCBdOY9iQ,42,52,feeding fish
FfcLNWPHFvI,28,38,feeding fish
FivXrGovOJA,158,168,feeding fish
FjAjqIvylB8,88,98,feeding fish
Fk-EsuH0JHM,3,13,feeding fish
Flb-wE7w1w8,2,12,feeding fish
FO6-jn5K_Og,7,17,feeding fish
fp8HQryaNDw,32,42,feeding fish
fPd68mfWD0s,88,98,feeding fish
fSih-_xtOsc,149,159,feeding fish
FTL_-wZw3Pg,33,43,feeding fish
FtMBXvZA08w,142,152,feeding fish
fUrN4WH3og8,11,21,feeding fish
fzfr3CZ2SfY,0,10,feeding fish
f_2xkHiRQWM,3,13,feeding fish
G0_Brnf8OtI,47,57,feeding fish
g4e03hvI_rI,52,62,feeding fish
G5GmbW4_Ix4,45,55,feeding fish
g6cUFz3I49g,4,14,feeding fish
G967mkBPMV0,25,35,feeding fish
gbzCjwpudvg,4,14,feeding fish
geEwqB6P2B0,0,10,feeding fish
gFD-lbMQF60,223,233,feeding fish
gg8SJWVItuk,40,50,feeding fish
GgfO24twIwc,84,94,feeding fish
gjMOclykGWo,7,17,feeding fish
GkN1q790sI4,45,55,feeding fish
gMFAqBHSks4,62,72,feeding fish
GmnI6pu60kE,60,70,feeding fish
gMTODVmCDtY,0,10,feeding fish
gNZlCs4xPAQ,393,403,feeding fish
GOSvucHDvHI,40,50,feeding fish
gpELLvNsa50,16,26,feeding fish
gpSUG_D5y2Y,55,65,feeding fish
gQVIXcOU93c,17,27,feeding fish
GsEqlWXinJ8,0,10,feeding fish
gwAL6qmkYnM,20,30,feeding fish
GxCVMWqW4-k,218,228,feeding fish
gySf9SlFwIg,4,14,feeding fish
H08lS603Skg,123,133,feeding fish
h4pzHwxqOG8,21,31,feeding fish
hAd0qmYZdCY,19,29,feeding fish
hdZmGQcixuY,473,483,feeding fish
He8W5pZJ2cs,139,149,feeding fish
HfG3Dw5ChqM,19,29,feeding fish
HGkBpoio6SE,8,18,feeding fish
hGmKlWxWPDI,5,15,feeding fish
HhB63wVkc2c,29,39,feeding fish
hHGub08C9XM,3,13,feeding fish
hhGwc1YJvYk,0,10,feeding fish
hj2FjnaE0Tg,10,20,feeding fish
HJxT5fS7tsc,161,171,feeding fish
HkvwdnV4RtU,133,143,feeding fish
hmFddDpEIZA,0,10,feeding fish
hOYQeVtfI5o,0,10,feeding fish
HoZLvTu3v4U,3,13,feeding fish
hpp1gG8VCO0,1,11,feeding fish
HQObskWuuNE,61,71,feeding fish
hR5Z1PutMxc,84,94,feeding fish
Hud4XiPv5lE,110,120,feeding fish
HXz2uG-fD9I,100,110,feeding fish
H_aAa6WW1BE,89,99,feeding fish
I5A4-Klegrs,106,116,feeding fish
I6oda9UjSh8,15,25,feeding fish
i76UOkI04ME,185,195,feeding fish
I8CLoYlEZ9Q,137,147,feeding fish
IcMlabKfpzQ,40,50,feeding fish
id3D79myFJA,39,49,feeding fish
Id7Ednlj9mQ,7,17,feeding fish
IG1l6eqhN6M,1,11,feeding fish
ih3X_4sa9vw,26,36,feeding fish
IHDRKmpI-p8,37,47,feeding fish
iHFOZWTZlh4,3,13,feeding fish
iJZACqZjlBs,15,25,feeding fish
ikS3Q_HxbK4,16,26,feeding fish
iLF1U2-Wa-o,66,76,feeding fish
iMF-RUuJftI,26,36,feeding fish
InOIS9j3Ijw,51,61,feeding fish
ioMEHesxB3E,0,10,feeding fish
iQB9biPEsE8,10,20,feeding fish
iQnzS0odsH0,81,91,feeding fish
IREIO1oC500,12,22,feeding fish
IRUBxVV9cNQ,21,31,feeding fish
IsrexXYdDbI,15,25,feeding fish
ItUz-wi_KqY,56,66,feeding fish
Iv10gL-FSY0,9,19,feeding fish
iW35NAEcb0s,17,27,feeding fish
ixqGr2gCD5M,280,290,feeding fish
IyrtIoWyHXA,83,93,feeding fish
izBk2b1vmko,1,11,feeding fish
j43s4cuTBnY,263,273,feeding fish
J8Ag-sshxTc,8,18,feeding fish
J9LrApPtDS8,0,10,feeding fish
Ja03D0rTSQk,212,222,feeding fish
JaZ7SHBZpYM,31,41,feeding fish
jBsHaj1RG4k,17,27,feeding fish
jccwkChUzSk,125,135,feeding fish
jCzmmteUfIY,36,46,feeding fish
jd9tn9XXJis,0,10,feeding fish
jE4AkBRXUxU,178,188,feeding fish
jg2WfoJq7Fw,30,40,feeding fish
Jg3PxGLVtdM,0,10,feeding fish
JiadD8BXKJU,2,12,feeding fish
jjArQgs1DP4,3,13,feeding fish
jktGaK2GYGw,27,37,feeding fish
JlzFtAFDzr4,3,13,feeding fish
jmvE-kj6ts0,0,10,feeding fish
jn78a_qkqzI,50,60,feeding fish
jnSmpzE-_os,1,11,feeding fish
jo_j_bVt7os,2,12,feeding fish
jpRK0ez5wPk,62,72,feeding fish
JPvBl6YEnro,16,26,feeding fish
JScYBZulQpk,4,14,feeding fish
ju3lGCPJWwg,11,21,feeding fish
juQNpYfgjfU,4,14,feeding fish
JVM3h03bKqc,16,26,feeding fish
JX-7ytjYvkM,6,16,feeding fish
JXjxHOn2xOU,4,14,feeding fish
JYW7BuaxJg8,35,45,feeding fish
jz2mIWvEFLA,7,17,feeding fish
k-XX7ykFGmI,101,111,feeding fish
k0ml8aNcH8o,3,13,feeding fish
k2_9rtcpiU4,32,42,feeding fish
k64ta9y9WYo,26,36,feeding fish
K9dvOgzLcSY,2,12,feeding fish
KAT_aXVMdUQ,211,221,feeding fish
kCZu9SmVnlQ,35,45,feeding fish
KEmXShUgZ-g,3,13,feeding fish
kFMPg3Ei0kQ,282,292,feeding fish
kjuXhSn-OnQ,41,51,feeding fish
kKss309Zr_g,28,38,feeding fish
kltRt-q-wBw,19,29,feeding fish
kMdw5SVxIPE,11,21,feeding fish
kNAe5Txk5NM,3,13,feeding fish
KoR9ZB4dUDo,7,17,feeding fish
koTlxzkzNXg,4,14,feeding fish
krc0vkZU6qU,8,18,feeding fish
KRwp7CyK_NM,45,55,feeding fish
kshwpv2IE1k,91,101,feeding fish
Kv31wDXfSVI,48,58,feeding fish
KVxoPhADbiA,10,20,feeding fish
KwJpBKQ8QmI,18,28,feeding fish
K_OJHLzOW8A,2,12,feeding fish
l2eRIJAsEy8,3,13,feeding fish
L2msFP6JBSU,80,90,feeding fish
l5DGP2fKcKI,52,62,feeding fish
L5KTVjPxwl0,15,25,feeding fish
l5ZUWwW7VkE,10,20,feeding fish
lAYTabHE99M,45,55,feeding fish
LbCYNh8jpEg,2,12,feeding fish
lETw67iy788,23,33,feeding fish
LGXQbiI6K2Y,62,72,feeding fish
lHqZVkQAPD8,4,14,feeding fish
lh_IwQPVvfo,251,261,feeding fish
LIvBIuHH3hM,6,16,feeding fish
lkm8AXBIXB4,148,158,feeding fish
LlAVYty6Kyk,9,19,feeding fish
LLvVOc3TvU0,34,44,feeding fish
lqsV8TAZk-A,15,25,feeding fish
LtG3an5fUZ8,0,10,feeding fish
LTlAdRFtYqA,10,20,feeding fish
LvtkjCt5Xvs,6,16,feeding fish
LwPaXdsg3TQ,5,15,feeding fish
LZ_FXWTnszQ,42,52,feeding fish
m2jrNKvgk20,11,21,feeding fish
M5wFLlCR0TM,0,10,feeding fish
M6B3wDUZUE8,13,23,feeding fish
m6Y8dJAKsZM,0,10,feeding fish
M80h-AYPJxA,16,26,feeding fish
Mc4z0VBaTy8,4,14,feeding fish
Mdb3lFVDHKE,4,14,feeding fish
mDsiN45BvaA,1,11,feeding fish
mdsQ9RlIZZM,10,20,feeding fish
MdZ5gfdkQTg,60,70,feeding fish
MHyzcd9a08E,14,24,feeding fish
mHZ2YK-iOm8,37,47,feeding fish
Mj4t7j-uhWo,42,52,feeding fish
MjhMFDLQm-o,10,20,feeding fish
MjPOu7oqU84,0,10,feeding fish
mlVYsmYXFUU,11,21,feeding fish
Mmft76QpOhU,33,43,feeding fish
mopqpEftkwE,100,110,feeding fish
MORJnJit92E,32,42,feeding fish
mOumlWwwe6w,77,87,feeding fish
mq7ggK_OnSM,6,16,feeding fish
mqpocKaoscg,17,27,feeding fish
MrMdt2BjcWg,48,58,feeding fish
MsGpTl_UfWY,83,93,feeding fish
MSN97O6PumQ,149,159,feeding fish
MV21GAlVrVM,26,36,feeding fish
MxJ1ebve-cA,5,15,feeding fish
myf4REGUbeA,217,227,feeding fish
mYUWGyGx8Jo,26,36,feeding fish
mZEypr-pwLc,11,21,feeding fish
Mzv0Qu5G8W0,88,98,feeding fish
M_2prnSlruE,2,12,feeding fish
N-gGGM0RRqE,16,26,feeding fish
n1IWQW-v5qA,120,130,feeding fish
N3XbPx-LIT4,3,13,feeding fish
n6djwUjA9Uw,38,48,feeding fish
naLCcvcF6sg,1,11,feeding fish
nawN1Tc4WwU,42,52,feeding fish
nbkNQu_G7I0,2,12,feeding fish
NbKu3SW5eBY,20,30,feeding fish
ndfYzK-bucQ,18,28,feeding fish
ndgkpowUvdk,2,12,feeding fish
Nev8tOMdPms,26,36,feeding fish
nFgmMTmXHaE,25,35,feeding fish
NgCJYJheBqc,50,60,feeding fish
NH5xAleW7O0,170,180,feeding fish
NIClRC2iVww,1,11,feeding fish
NIkTkAgwyhY,4,14,feeding fish
njRvCvCC3A0,5,15,feeding fish
nkF0uDmDU-Y,3,13,feeding fish
nKVN8EkJY74,44,54,feeding fish
NNiHGkJhXn8,45,55,feeding fish
nNUlTElXeh4,98,108,feeding fish
nnXmE7oSiy8,51,61,feeding fish
No4QgOBh764,4,14,feeding fish
nPDKRYvm8Ag,71,81,feeding fish
NRs8rOpCxi8,48,58,feeding fish
NtBZe6wQgIM,13,23,feeding fish
ntDOMsNRXak,4,14,feeding fish
NtiU8-wiFss,86,96,feeding fish
Ntp_knDUkc0,49,59,feeding fish
nUsEhaUYH4A,4,14,feeding fish
nvLdWKZYIfk,0,10,feeding fish
nvvTpl-jluw,84,94,feeding fish
O-T3_KDaFsY,73,83,feeding fish
o0DHm4SjHqI,104,114,feeding fish
o4Q2KsbCBJ8,97,107,feeding fish
o6QjULneytg,12,22,feeding fish
O9q7Tr-GOKc,11,21,feeding fish
OAXMoR4H7HM,3,13,feeding fish
oCmjqn4TjUU,16,26,feeding fish
OF-hB0CaoZc,67,77,feeding fish
oF8ea2pA8Jw,63,73,feeding fish
OgY_IIsv1UU,20,30,feeding fish
OGZyfB0Rw8c,94,104,feeding fish
oiXHX9K2Oqc,91,101,feeding fish
OKmfA_2quk0,94,104,feeding fish
oLUVU3lruMc,68,78,feeding fish
OnMijxzfYfk,240,250,feeding fish
OPbIlnrjxUE,2,12,feeding fish
oq1fBn6lHwc,218,228,feeding fish
OrfJ9slPEqA,151,161,feeding fish
OvICWjNdbS8,56,66,feeding fish
OVOJGS0hj6Y,7,17,feeding fish
owxtg_Ub0WA,38,48,feeding fish
oW_XwTP88vQ,2,12,feeding fish
oZdTwPk8Ixc,0,10,feeding fish
p1TIQ5YO0d8,4,14,feeding fish
p4E2oUvIWDg,31,41,feeding fish
p8wk6cr6X3M,74,84,feeding fish
p8zD49Kunc0,18,28,feeding fish
pA2lpi5NaI0,1986,1996,feeding fish
paqsiYJJ3fQ,2,12,feeding fish
pBbhEmHzMso,96,106,feeding fish
PbRoYtynwdY,1,11,feeding fish
PDRKpDE2ucM,10,20,feeding fish
Ph7nuFgf8Ts,43,53,feeding fish
pk99fTmmD0Y,115,125,feeding fish
pmBBz9S_fec,0,10,feeding fish
PMiOigC_v70,45,55,feeding fish
PO2bY8GcXck,3,13,feeding fish
podAqgHQyQk,0,10,feeding fish
PrKijhROq98,13,23,feeding fish
PrYaQYTxIAo,96,106,feeding fish
pS3dDqaNoPw,76,86,feeding fish
psRXO0l_0XY,82,92,feeding fish
pTVtlEwZGDo,12,22,feeding fish
PUOnSlXWlWs,3,13,feeding fish
pUVcYzNx5Qs,17,27,feeding fish
PUXK73QpOMc,28,38,feeding fish
PvIziqWc2QM,172,182,feeding fish
PXBO85OK9Rk,17,27,feeding fish
PYCNFA1KwvM,36,46,feeding fish
pyjbTmEATgM,32,42,feeding fish
pYppPTdMUT8,2,12,feeding fish
pZfDlrmNJ64,1,11,feeding fish
Pzv_ZGGA6n4,2,12,feeding fish
Q0Y-zLjXJyU,19,29,feeding fish
Q3Tpoo0D7zE,0,10,feeding fish
q8DDe_ELiHw,63,73,feeding fish
QfVNgbTDiLA,1,11,feeding fish
qGHYhc1dyAQ,60,70,feeding fish
Qgl6PMalFBI,30,40,feeding fish
qK4v-OCmCvA,30,40,feeding fish
qkInnJkxAsg,77,87,feeding fish
Qmko0vlHLZg,0,10,feeding fish
qNW3SLWFw4o,58,68,feeding fish
QPEgDt2mjVI,0,10,feeding fish
QpOg5EI7zWI,8,18,feeding fish
qPziiYGxEmg,11,21,feeding fish
QRCNbWbzWxk,1,11,feeding fish
qrdL8ABwXZI,7,17,feeding fish
QrVwmPZE5Pc,41,51,feeding fish
qSaumr2-xu0,12,22,feeding fish
qT-kdU-RN9c,34,44,feeding fish
qtckkudEfSs,3,13,feeding fish
QtuFdp29Crs,2,12,feeding fish
QtVh72R-x5k,4,14,feeding fish
QuLxokgUBxM,81,91,feeding fish
R5BlYftteYs,1,11,feeding fish
r67H-3nrAAc,83,93,feeding fish
RA1xt5EphEc,7,17,feeding fish
Rav2KiieIUs,149,159,feeding fish
RAywNs6KSqQ,4,14,feeding fish
RCGxA4pNP08,60,70,feeding fish
rChK5xPnqQw,112,122,feeding fish
REC91kKYNyg,4,14,feeding fish
RePg-6wp8Nc,125,135,feeding fish
rFzgY_i49FA,30,40,feeding fish
rGnb8ZL4hYI,19,29,feeding fish
RhLm_XgJi1I,1,11,feeding fish
RI574A3a5PY,0,10,feeding fish
rm9NeFqv0xw,53,63,feeding fish
RMeEH2UtS6c,0,10,feeding fish
RmklbFz43ak,1,11,feeding fish
RMXnwUfPfv4,0,10,feeding fish
ro2I_cghbNw,59,69,feeding fish
rOlHe3ykDD4,35,45,feeding fish
RpD2PJmd01s,3,13,feeding fish
RqsWnCxFJqo,12,22,feeding fish
rW74rLn5edI,5,15,feeding fish
RwbdoFy5Gjo,38,48,feeding fish
rwcqctC4vdM,380,390,feeding fish
rwpQL6GPW-g,18,28,feeding fish
rxqR6RysZ_g,1,11,feeding fish
RyGDHCOQ5mE,17,27,feeding fish
RZ5VHFJPNQM,93,103,feeding fish
S-Q-3j0h3ds,12,22,feeding fish
S4r8iDVO2NI,0,10,feeding fish
s57OKy9EEdc,81,91,feeding fish
s5gtLdlJ8CU,11,21,feeding fish
s5NsYYB7iTM,51,61,feeding fish
S5RoLqqbyQc,0,10,feeding fish
s6mrnr8FdxA,16,26,feeding fish
s8e7s3i1qRI,9,19,feeding fish
sAMRs5qWfm0,0,10,feeding fish
SbkyR1Ui5DY,89,99,feeding fish
sfLvonCuGAs,1,11,feeding fish
SFs_g1B_EJ8,22,32,feeding fish
ShqW6tixl4U,40,50,feeding fish
sIuMss_Ft7Q,28,38,feeding fish
sIVgIplwBIo,134,144,feeding fish
Skpp3abyI9w,94,104,feeding fish
SLCuQp81Usk,10,20,feeding fish
SLt62d1NQoE,4,14,feeding fish
sPqJM6gTjQg,8,18,feeding fish
spSwzl0BbV8,4,14,feeding fish
sqEosF-wR1Y,4,14,feeding fish
sqNYMXVQDKI,17,27,feeding fish
ST-jf_qY8Jc,16,26,feeding fish
sTfA17du7Yk,298,308,feeding fish
StmXIJk3OGM,39,49,feeding fish
sT_ExHTYqKo,11,21,feeding fish
sXP7NT_c-zE,75,85,feeding fish
SxQn1PR3fGE,8,18,feeding fish
Syit8i62PYE,0,10,feeding fish
szWoY26xlHY,78,88,feeding fish
s_di1zi3yyU,12,22,feeding fish
T-GpNm627aE,43,53,feeding fish
t0NFyNFl2eU,19,29,feeding fish
t1loKVMOQZU,73,83,feeding fish
T4BBRGz4oRo,10,20,feeding fish
tAWJ__CjoJQ,5,15,feeding fish
tB4o1x704kQ,2,12,feeding fish
TbT7v7P3eIs,23,33,feeding fish
tDSzPXL3mD0,98,108,feeding fish
TE0pd1OOd3g,11,21,feeding fish
tgxn51vJRuk,16,26,feeding fish
thUd5j9b8iY,4,14,feeding fish
ti2En_UfnoE,21,31,feeding fish
Tiz8v-Rove4,11,21,feeding fish
TJ-jDIXH5cg,62,72,feeding fish
tLFOOcX7FHY,0,10,feeding fish
TMLmvZdVNUs,0,10,feeding fish
tNV5aov-8dg,60,70,feeding fish
TOCZyv6ce6w,28,38,feeding fish
tQrfpnTGAFc,70,80,feeding fish
TRkwMqwir7Y,11,21,feeding fish
Tsc0L9Efoi4,68,78,feeding fish
TsKe_gmCGlQ,63,73,feeding fish
tsO1uwvlK2I,5,15,feeding fish
TV7XPWtlF78,26,36,feeding fish
TvzyWwIOx8I,56,66,feeding fish
tv_mUMzCiT4,7,17,feeding fish
ty83uaku66A,17,27,feeding fish
ty8OLTXLpME,129,139,feeding fish
tyWmJ5iPDIU,26,36,feeding fish
tZq4BMFDoBo,14,24,feeding fish
T_RRy4FtLcw,8,18,feeding fish
u-hBKxc2C6s,4,14,feeding fish
U1I0jk4hXwM,130,140,feeding fish
U321LcF6RdA,14,24,feeding fish
u5aonO748Hc,106,116,feeding fish
u6LBrTMkTkE,21,31,feeding fish
U6PkaDT3xT8,132,142,feeding fish
U9vy7nswtqQ,61,71,feeding fish
uagGmfGaSbM,5,15,feeding fish
UbkEB6i3gT8,10,20,feeding fish
uE1H2y8Sg9c,7,17,feeding fish
ufV0aZi0Khc,40,50,feeding fish
UhkXeiMm_s4,17,27,feeding fish
uJSFABcPXhA,59,69,feeding fish
UJWDyGRcfuc,9,19,feeding fish
uM0uxgzQpj0,16,26,feeding fish
umCRja6ts-U,0,10,feeding fish
uNvcpyhCNV0,22,32,feeding fish
UOBBectz8NU,4,14,feeding fish
UpO9GRiSyLw,234,244,feeding fish
Uqiczas8TMc,15,25,feeding fish
urQWBHUm3rM,1,11,feeding fish
UrUBni5-jAI,42,52,feeding fish
uVkVNPvckZc,27,37,feeding fish
uVzb9e9hJBQ,41,51,feeding fish
uwtxH2OuH60,1,11,feeding fish
UXQd4ZKLcfA,127,137,feeding fish
v0rrTpfHnMo,6,16,feeding fish
v4xrb_J4kCo,39,49,feeding fish
V5akYvJ6FS8,101,111,feeding fish
v7QUuDRBtPI,43,53,feeding fish
Va4dT9bU1Xs,0,10,feeding fish
vaG0WtR9sLs,5,15,feeding fish
vfduO7toVO0,154,164,feeding fish
VfSnon45MxA,38,48,feeding fish
VhJXMBAnzdk,0,10,feeding fish
vIunHS8520U,7,17,feeding fish
ViZO9NNMNTc,6,16,feeding fish
VjnpCqT5cCQ,3,13,feeding fish
vluYkRp1Bi8,28,38,feeding fish
VPN5pQJne58,70,80,feeding fish
vq7Y1NlQXeM,19,29,feeding fish
VqodCGRSz1Y,86,96,feeding fish
vrAdTC2-e-M,18,28,feeding fish
vRe3yU1Zkxs,6,16,feeding fish
VsruNa3N9UI,20,30,feeding fish
vUDFjzAdw20,0,10,feeding fish
Vuf8e8IQKSo,146,156,feeding fish
vugL0CSeQ5o,28,38,feeding fish
Vv_MniwwS0A,39,49,feeding fish
VW6AFmqEMmU,23,33,feeding fish
VxobVyILfX4,4,14,feeding fish
vXXZawNAbeQ,34,44,feeding fish
Vx_Oa0GXrHs,12,22,feeding fish
v_6zgFflCM4,67,77,feeding fish
w0D06Exh4qA,20,30,feeding fish
W3USfg3YsW4,3,13,feeding fish
wdf-fdFt5fg,0,10,feeding fish
WDlrSVvg_Sc,0,10,feeding fish
wDMQp_5fGHg,0,10,feeding fish
WDSWFHpAtiQ,0,10,feeding fish
WFKFw92pKqY,13,23,feeding fish
Whp9n_QQXH0,0,10,feeding fish
wHreCJHbnG8,41,51,feeding fish
wHu6j9dnMRU,140,150,feeding fish
WiaUkLMSCL0,35,45,feeding fish
WiP2faEZeiU,9,19,feeding fish
wJOX858FvyQ,3,13,feeding fish
WjwzsGNFceg,10,20,feeding fish
Wknch8Hfd3U,2,12,feeding fish
WKy5ziC-i-A,9,19,feeding fish
wlFnidQOD0Y,7,17,feeding fish
wLiser8T0NI,83,93,feeding fish
wMZs8lXu0Ug,19,29,feeding fish
wN22mFzViIk,6,16,feeding fish
wOhqOTqtxko,102,112,feeding fish
wOUVI-KrgFg,32,42,feeding fish
WpjdINY6hsU,49,59,feeding fish
wQCIi3i-qQA,40,50,feeding fish
wqS-4-l634g,59,69,feeding fish
Wrlh9NNUSIs,3,13,feeding fish
WsugHSQgrbM,44,54,feeding fish
wt0PY8_gDQI,22,32,feeding fish
W_FCaM3hEHA,19,29,feeding fish
x3o7NdzGlhI,42,52,feeding fish
x4pEMRgowew,82,92,feeding fish
X9E6p3GVvr4,22,32,feeding fish
XaEGOjNYDPs,3,13,feeding fish
XdRg77QmdDc,1,11,feeding fish
xf2PlTSkDKA,12,22,feeding fish
Xft4A-t3MJU,8,18,feeding fish
xf_9pEZMDvU,0,10,feeding fish
XG758OoxMDA,10,20,feeding fish
XGgf7R7VlwU,25,35,feeding fish
xH5Zbnao07w,0,10,feeding fish
xnJZVVIJynU,5,15,feeding fish
xnOW6e3uzyw,1,11,feeding fish
xoB-8CiBejo,113,123,feeding fish
xptF334GwTw,22,32,feeding fish
xQwe3754BcA,1,11,feeding fish
xtCp5AaY2eE,0,10,feeding fish
xtE0aEA3Kms,4,14,feeding fish
XuFerJjgJMs,25,35,feeding fish
xVXWjntQQak,8,18,feeding fish
xwcY5AkuUNE,9,19,feeding fish
xZk3QJ2ObgE,34,44,feeding fish
Y-bZ3nlvO30,243,253,feeding fish
y6JowMnW_nA,3,13,feeding fish
Y7BqIPB6C7g,24,34,feeding fish
y7MI8v02QXc,15,25,feeding fish
y8yz7-KpGJE,11,21,feeding fish
YBx0O9lMQAc,54,64,feeding fish
YcSVzWiF4yA,1,11,feeding fish
ydk4GzPDfbA,5,15,feeding fish
YFZwrYquOmc,1,11,feeding fish
yGM1d21eyTA,92,102,feeding fish
Yk7AevXvXgM,2,12,feeding fish
YKedtoKNyvg,10,20,feeding fish
yKpXnXRCSn4,38,48,feeding fish
YlzmSX_z67Q,1,11,feeding fish
yMOHUQEiH-M,119,129,feeding fish
YOgeIuRbAHE,7,17,feeding fish
yoJpV099tj8,54,64,feeding fish
yoY5C2e1kRM,9,19,feeding fish
YSF-C5qfXPc,22,32,feeding fish
YsLWEAyJzkY,7,17,feeding fish
YT--FncsLKE,86,96,feeding fish
Yt0AKote0Us,5,15,feeding fish
Yt9SY3fNny8,78,88,feeding fish
ytHFVIAhp2M,10,20,feeding fish
yVKKtPm1WLg,2,12,feeding fish
Ywl3sNjTKnY,49,59,feeding fish
YX075-5bA_s,3,13,feeding fish
YXkRATc3aU8,179,189,feeding fish
YyerPS3KOvs,27,37,feeding fish
yZs-mvxhSw4,2,12,feeding fish
Z2SRNKTnlGE,22,32,feeding fish
Z5LAJNcEfHo,4,14,feeding fish
z9NJWQqzy8I,2,12,feeding fish
z9nwv6Q6MKM,66,76,feeding fish
Zagw6lbdBBY,0,10,feeding fish
zAWhEzHL9Xc,122,132,feeding fish
zcqgQKkLFnI,14,24,feeding fish
ZcYOfgMXck8,73,83,feeding fish
ZDBj-wZl4jE,20,30,feeding fish
zEbsahJbcqo,104,114,feeding fish
zEkxJgebpKY,29,39,feeding fish
ZFBlrT7vgso,1,11,feeding fish
zh5zcqqHyT8,10,20,feeding fish
zIQSQXGU--Q,32,42,feeding fish
ZkMo3WFv_i8,2,12,feeding fish
ZlC9qgoemB8,163,173,feeding fish
ZlTj4tSPhmA,456,466,feeding fish
ZoYp64tD5sA,34,44,feeding fish
ZpmUlSSW69w,16,26,feeding fish
zqv1YTjgTSk,26,36,feeding fish
Zu4qS21Oq7E,28,38,feeding fish
ZZ2fXZdTC-c,43,53,feeding fish
zz3dE0gns-4,71,81,feeding fish
ZZMVBoSG2rQ,156,166,feeding fish
_7ncPYkp9E0,69,79,feeding fish
_7oVa8EMee0,30,40,feeding fish
_98w1WqdRGk,0,10,feeding fish
_AA0um_WLQA,58,68,feeding fish
_BjXCvp4Rxg,84,94,feeding fish
_c3EwkFx2j4,35,45,feeding fish
_CFYA28YV8Y,17,27,feeding fish
_D5Cn1sR5Ck,10,20,feeding fish
_dIS0FCZurs,31,41,feeding fish
_FbWF4si5O4,5,15,feeding fish
_FDWV6c8zp8,119,129,feeding fish
_h3tXKhr4gk,32,42,feeding fish
_oVHT6mASoU,82,92,feeding fish
_RFW-BLFJLs,28,38,feeding fish
_Uw5azl9Bwg,10,20,feeding fish
_VFtZr_ubx0,3,13,feeding fish
